Class #, Bounds, Midpoint, Frequency, R.F., C.F.
1, 30-113, 71.5, 5, 0.1724137931034482758620689655, 5
2, 114-197, 155.5, 7, 0.2413793103448275862068965517, 12
3, 198-281, 239.5, 8, 0.2758620689655172413793103448, 20
4, 282-365, 323.5, 2, 0.0689655172413793103448275862, 22
5, 366-449, 407.5, 3, 0.1034482758620689655172413793, 25
6, 450-533, 491.5, 4, 0.1379310344827586206896551724, 29
